{
  "experiment": "Experiment 1: Baseline Knowledge Test",
  "model": "llama3.2",
  "num_questions": 100,
  "num_successful": 100,
  "bertscore_precision": 0.7308730000000006,
  "bertscore_recall": 0.8683890000000001,
  "bertscore_f1": 0.7932030000000008,
  "avg_latency_seconds": 10.141880571842194,
  "timestamp": "2025-12-01T20:29:37.282627"
}