{
  "experiment": "Experiment 2: Anchored Prompt Evaluation",
  "model": "llama3.2",
  "num_questions": 100,
  "num_successful": 100,
  "bertscore_precision": 0.732693,
  "bertscore_recall": 0.8502949999999997,
  "bertscore_f1": 0.7866969999999999,
  "avg_latency_seconds": 8.537973766326905,
  "safety_fallback_rate": 0.7,
  "safety_fallback_count": 70,
  "timestamp": "2025-12-01T20:47:02.646863"
}