{
  "experiment": "Experiment 3: RAG vs Non-RAG Comparison",
  "model": "llama3.2",
  "num_questions": 100,
  "num_successful": 100,
  "baseline": {
    "bertscore_f1": 0.7920200000000002,
    "avg_latency_seconds": 30.231172614097595
  },
  "rag": {
    "bertscore_f1": 0.7321500000000001,
    "avg_latency_seconds": 39.03771588802338,
    "citation_rate": 0.0,
    "avg_citations_per_response": 0.0
  },
  "improvement": {
    "f1_improvement": -0.05987000000000009,
    "f1_improvement_percent": -7.559152546652872,
    "t_statistic": -16.424096147573884,
    "p_value": 5.011858047657357e-30,
    "significant_at_0.05": true
  },
  "timestamp": "2025-12-02T00:18:27.066223"
}