{
  "model": "o3-2025-04-16",
  "experiment": 1,
  "total_responses": 80,
  "fully_compliant": 55,
  "partially_compliant": 25,
  "non_compliant": 0,
  "critical_issues": 0,
  "avg_compliance_score": 1.6875,
  "avg_latency": 13.915249999999997,
  "by_category": {
    "Medical Eligibility Criteria": 1.55,
    "Effectiveness Accuracy": 1.7333333333333334,
    "Timing Guidelines": 1.8333333333333333,
    "Counseling Quality": 1.7,
    "Myth Correction": 1.7333333333333334,
    "Rwanda Context": 1.625
  },
  "by_severity": {
    "critical": 1.9375,
    "major": 1.6666666666666667,
    "minor": 1.2857142857142858
  }
}