{
  "model": "o3-2025-04-16",
  "experiment": 2,
  "total_responses": 80,
  "fully_compliant": 57,
  "partially_compliant": 21,
  "non_compliant": 2,
  "critical_issues": 3,
  "avg_compliance_score": 1.6875,
  "avg_latency": 22.91675,
  "by_category": {
    "Medical Eligibility Criteria": 1.45,
    "Effectiveness Accuracy": 1.4666666666666666,
    "Timing Guidelines": 1.6666666666666667,
    "Counseling Quality": 1.9,
    "Myth Correction": 1.9333333333333333,
    "Rwanda Context": 2.0
  },
  "by_severity": {
    "critical": 1.9375,
    "major": 1.6842105263157894,
    "minor": 1.1428571428571428
  }
}